,SIB,GBR
SIB,0.0,0.008663266959843655
GBR,0.008663266959843655,0.0
